source_id,current_legacy_level,observed_local_artifact,review_status,review_date_utc,review_reason,next_action
S033,A,,unverified_capture_pointer,2026-10-08,"Level A denotes preserved redistributable artifact, but catalog has no local_artifact reference; existence of a research copy has not been disproved.","Check archive/library storage and licensing; add verified artifact locator/hash if copy exists, otherwise reclassify based on evidence."
S054,A,,unverified_capture_pointer,2026-10-08,"Level A denotes preserved redistributable artifact, but catalog has no local_artifact reference; existence of a research copy has not been disproved.","Check archive/library storage and licensing; add verified artifact locator/hash if copy exists, otherwise reclassify based on evidence."
S056,A,,unverified_capture_pointer,2026-10-08,"Level A denotes preserved redistributable artifact, but catalog has no local_artifact reference; existence of a research copy has not been disproved.","Check archive/library storage and licensing; add verified artifact locator/hash if copy exists, otherwise reclassify based on evidence."
S100,A,,unverified_capture_pointer,2026-10-08,"Level A denotes preserved redistributable artifact, but catalog has no local_artifact reference; existence of a research copy has not been disproved.","Check archive/library storage and licensing; add verified artifact locator/hash if copy exists, otherwise reclassify based on evidence."
S103,A,,unverified_capture_pointer,2026-10-08,"Level A denotes preserved redistributable artifact, but catalog has no local_artifact reference; existence of a research copy has not been disproved.","Check archive/library storage and licensing; add verified artifact locator/hash if copy exists, otherwise reclassify based on evidence."
S132,A,,unverified_capture_pointer,2026-10-08,"Level A denotes preserved redistributable artifact, but catalog has no local_artifact reference; existence of a research copy has not been disproved.","Check archive/library storage and licensing; add verified artifact locator/hash if copy exists, otherwise reclassify based on evidence."
S133,A,,unverified_capture_pointer,2026-10-08,"Level A denotes preserved redistributable artifact, but catalog has no local_artifact reference; existence of a research copy has not been disproved.","Check archive/library storage and licensing; add verified artifact locator/hash if copy exists, otherwise reclassify based on evidence."
S134,A,,unverified_capture_pointer,2026-10-08,"Level A denotes preserved redistributable artifact, but catalog has no local_artifact reference; existence of a research copy has not been disproved.","Check archive/library storage and licensing; add verified artifact locator/hash if copy exists, otherwise reclassify based on evidence."
S139,A,,unverified_capture_pointer,2026-10-08,"Level A denotes preserved redistributable artifact, but catalog has no local_artifact reference; existence of a research copy has not been disproved.","Check archive/library storage and licensing; add verified artifact locator/hash if copy exists, otherwise reclassify based on evidence."
S168,A,,unverified_capture_pointer,2026-10-08,"Level A denotes preserved redistributable artifact, but catalog has no local_artifact reference; existence of a research copy has not been disproved.","Check archive/library storage and licensing; add verified artifact locator/hash if copy exists, otherwise reclassify based on evidence."
S169,A,,unverified_capture_pointer,2026-10-08,"Level A denotes preserved redistributable artifact, but catalog has no local_artifact reference; existence of a research copy has not been disproved.","Check archive/library storage and licensing; add verified artifact locator/hash if copy exists, otherwise reclassify based on evidence."
S231,A,,unverified_capture_pointer,2026-10-08,"Level A denotes preserved redistributable artifact, but catalog has no local_artifact reference; existence of a research copy has not been disproved.","Check archive/library storage and licensing; add verified artifact locator/hash if copy exists, otherwise reclassify based on evidence."
S257,A,,unverified_capture_pointer,2026-10-08,"Level A denotes preserved redistributable artifact, but catalog has no local_artifact reference; existence of a research copy has not been disproved.","Check archive/library storage and licensing; add verified artifact locator/hash if copy exists, otherwise reclassify based on evidence."
S273,A,,unverified_capture_pointer,2026-10-08,"Level A denotes preserved redistributable artifact, but catalog has no local_artifact reference; existence of a research copy has not been disproved.","Check archive/library storage and licensing; add verified artifact locator/hash if copy exists, otherwise reclassify based on evidence."
S321,A,,unverified_capture_pointer,2026-10-08,"Level A denotes preserved redistributable artifact, but catalog has no local_artifact reference; existence of a research copy has not been disproved.","Check archive/library storage and licensing; add verified artifact locator/hash if copy exists, otherwise reclassify based on evidence."
S323,A,,unverified_capture_pointer,2026-10-08,"Level A denotes preserved redistributable artifact, but catalog has no local_artifact reference; existence of a research copy has not been disproved.","Check archive/library storage and licensing; add verified artifact locator/hash if copy exists, otherwise reclassify based on evidence."
S363,A,,unverified_capture_pointer,2026-10-08,"Level A denotes preserved redistributable artifact, but catalog has no local_artifact reference; existence of a research copy has not been disproved.","Check archive/library storage and licensing; add verified artifact locator/hash if copy exists, otherwise reclassify based on evidence."
S364,A,,unverified_capture_pointer,2026-10-08,"Level A denotes preserved redistributable artifact, but catalog has no local_artifact reference; existence of a research copy has not been disproved.","Check archive/library storage and licensing; add verified artifact locator/hash if copy exists, otherwise reclassify based on evidence."
S391,A,,unverified_capture_pointer,2026-10-08,"Level A denotes preserved redistributable artifact, but catalog has no local_artifact reference; existence of a research copy has not been disproved.","Check archive/library storage and licensing; add verified artifact locator/hash if copy exists, otherwise reclassify based on evidence."
S392,A,,unverified_capture_pointer,2026-10-08,"Level A denotes preserved redistributable artifact, but catalog has no local_artifact reference; existence of a research copy has not been disproved.","Check archive/library storage and licensing; add verified artifact locator/hash if copy exists, otherwise reclassify based on evidence."
S404,A,,unverified_capture_pointer,2026-10-08,"Level A denotes preserved redistributable artifact, but catalog has no local_artifact reference; existence of a research copy has not been disproved.","Check archive/library storage and licensing; add verified artifact locator/hash if copy exists, otherwise reclassify based on evidence."
S405,A,,unverified_capture_pointer,2026-10-08,"Level A denotes preserved redistributable artifact, but catalog has no local_artifact reference; existence of a research copy has not been disproved.","Check archive/library storage and licensing; add verified artifact locator/hash if copy exists, otherwise reclassify based on evidence."
