capture_id,source_id,repository_path,capture_kind,capture_scope,git_blob_sha1,rights_basis,verified_date_utc,scope_notes
CAP001,S232,references/archive/S232/SOURCE_SNAPSHOT.md,readme_license,partial_repository_documentation,c290683b22de466b98b6ca8fb25e8feca535dad5,MIT,2026-10-08,README/license only; repository code is not mirrored.
CAP002,S233,references/archive/S233/SOURCE_SNAPSHOT.md,readme_license,partial_repository_documentation,4cb9b2a56ee2a9c468913f29d630511e21887540,MIT,2026-10-08,README/license only; repository code is not mirrored.
CAP003,S234,references/archive/S234/SOURCE_SNAPSHOT.md,readme_license,partial_repository_documentation,69ccbfa8e5d2737a70a26d7404b123dd38f04472,MIT,2026-10-08,README/license only; repository code is not mirrored.
CAP004,S236,references/archive/S236/SOURCE_SNAPSHOT.md,readme_license,partial_repository_documentation,dd92cfc8929e4acbffeca84405277e3ab218035d,MIT,2026-10-08,README/license only; repository code is not mirrored.
CAP005,S237,references/archive/S237/SOURCE_SNAPSHOT.md,readme_license,partial_repository_documentation,dcc76db3979eba5f214cceb166e0abd2aad94475,AGPL-3.0,2026-10-08,README/license only; repository code is not mirrored.
CAP006,S251,references/archive/S251/SOURCE_SNAPSHOT.md,readme_license,partial_repository_documentation,7c3e3a8d6e8f9e2106114f7ae4bb93ed90ce8819,MIT,2026-10-08,README/license only; repository code is not mirrored.
CAP007,S263,references/archive/S263/METADATA.md,metadata_only,metadata_only,c63758d271605fa0a849cfffc0efa8380fd7761b,rights record,2026-10-08,"Historical metadata only, not full artifact."
CAP008,S263,references/archive/S263/COMPACT_ALCHEMICAL_LANGUAGE.md,primary_text,single_primary_document,6128468b2dd5028f92c13d8a59eb24cba81984eb,CC BY 4.0 source statement,2026-10-08,One primary document; not whole White-papers repo.
CAP009,S263,references/archive/S263/BOB_PROTOCOL.md,primary_text,single_primary_document,feb61c3b1d26cc14a9ccb2a8df5e7e84ed84e3be,CC BY 4.0 source statement,2026-10-08,One primary document; not whole White-papers repo.
CAP010,S263,references/archive/S263/FINGERPRINT_AND_SPARK.md,primary_text,single_primary_document,b9762665209e7a92318d23b7a6e054dd1e1ce7e9,CC BY 4.0 source statement,2026-10-08,One primary document; not whole White-papers repo.
CAP011,S271,references/archive/S271/SOURCE_SNAPSHOT.md,readme_license,partial_repository_documentation,5b7226227063788434559aeeb0b0589438f7ad13,Apache-2.0 and CC BY 4.0,2026-10-08,README/license only; repository code is not mirrored.
CAP012,S319,references/archive/S319/SOURCE_SNAPSHOT.md,readme_license,partial_repository_documentation,2273f21664ad4a70d9540c77d19a0d9e9f45d98a,MIT,2026-10-08,README/license only; repository code is not mirrored.
CAP013,S320,references/archive/S320/SOURCE_SNAPSHOT.md,readme_license,partial_repository_documentation,64607db70a5c13fe598173731bd8ea4762338cf8,MIT,2026-10-08,README/license only; repository code is not mirrored.
CAP014,S331,references/archive/S331/MEMORY_ARCHITECTURE_SNAPSHOT.md,primary_text,single_primary_document,37f9abe6604b6f4515280cfecb4905418593b1b6,public-domain source statement,2026-10-08,Complete observed primary text; not broader repository.
