source_id,current_legacy_level,observed_capture_scope,review_status,verified_date_utc,issue,next_action
S232,A,readme_and_license_only,partial_source_capture,2026-10-08,Source is a repository/corpus; retained files do not constitute a complete copy of the source-level repository or corpus.,Either capture the complete upstream source under its license or reclassify the catalog source as C while retaining the separately verified partial captures.
S233,A,readme_and_license_only,partial_source_capture,2026-10-08,Source is a repository/corpus; retained files do not constitute a complete copy of the source-level repository or corpus.,Either capture the complete upstream source under its license or reclassify the catalog source as C while retaining the separately verified partial captures.
S234,A,readme_and_license_only,partial_source_capture,2026-10-08,Source is a repository/corpus; retained files do not constitute a complete copy of the source-level repository or corpus.,Either capture the complete upstream source under its license or reclassify the catalog source as C while retaining the separately verified partial captures.
S236,A,readme_and_license_only,partial_source_capture,2026-10-08,Source is a repository/corpus; retained files do not constitute a complete copy of the source-level repository or corpus.,Either capture the complete upstream source under its license or reclassify the catalog source as C while retaining the separately verified partial captures.
S237,A,readme_and_license_only,partial_source_capture,2026-10-08,Source is a repository/corpus; retained files do not constitute a complete copy of the source-level repository or corpus.,Either capture the complete upstream source under its license or reclassify the catalog source as C while retaining the separately verified partial captures.
S251,A,readme_and_license_only,partial_source_capture,2026-10-08,Source is a repository/corpus; retained files do not constitute a complete copy of the source-level repository or corpus.,Either capture the complete upstream source under its license or reclassify the catalog source as C while retaining the separately verified partial captures.
S263,A,three_primary_documents_plus_metadata,partial_source_capture,2026-10-08,Source is a repository/corpus; retained files do not constitute a complete copy of the source-level repository or corpus.,Either capture the complete upstream source under its license or reclassify the catalog source as C while retaining the separately verified partial captures.
S271,A,readme_and_license_only,partial_source_capture,2026-10-08,Source is a repository/corpus; retained files do not constitute a complete copy of the source-level repository or corpus.,Either capture the complete upstream source under its license or reclassify the catalog source as C while retaining the separately verified partial captures.
S319,A,readme_and_license_only,partial_source_capture,2026-10-08,Source is a repository/corpus; retained files do not constitute a complete copy of the source-level repository or corpus.,Either capture the complete upstream source under its license or reclassify the catalog source as C while retaining the separately verified partial captures.
S320,A,readme_and_license_only,partial_source_capture,2026-10-08,Source is a repository/corpus; retained files do not constitute a complete copy of the source-level repository or corpus.,Either capture the complete upstream source under its license or reclassify the catalog source as C while retaining the separately verified partial captures.
