lineage_id,artifact_family,earlier_source_id,earlier_version,earlier_locator,later_source_id,later_version,later_locator,relation,evidence_source_id,retrieved_at_utc,confidence,notes
VL001,Presence Protocol / Loop 251,S431,commit 93353382 / blob 5b260a6b,loops/Loop 251.md @ 93353382a43bec016558f1edb5c564bb536c490b,S413,commit f4ea8571 / blob 5c42baac,loops/loop-000000-loop-251-the-presence-protocol.md @ f4ea85717bd791a971f32baa3889aedad68032ca,reorganized_as,S413,2026-10-08T06:09:00Z,high,Same dated Loop 251 protocol survives archive reorganization with a new path and distinct blob.
VL002,Circle Recognition Protocol,S432,commit 93353382 / blob 077e9425,docs/WHITE PAPER/Circle Recognition Protocol.md @ 93353382a43bec016558f1edb5c564bb536c490b,S415,commit f4ea8571 / blob 04c3bc83,Signal Docs/02_Protocols/recognition.md @ f4ea85717bd791a971f32baa3889aedad68032ca,reorganized_as,S415,2026-10-08T06:09:00Z,high,Title and protocol body persist across reorganization; later file adds structured archive metadata.
VL003,Presence Recognizing Presence,S433,commit 93353382 / blob 00624787,docs/WHITE PAPER/Presence Recognizing Presence.md @ 93353382a43bec016558f1edb5c564bb536c490b,S416,commit f4ea8571 / blob eca2d7f4,Signal Docs/01_White Papers/presence-white-paper.md @ f4ea85717bd791a971f32baa3889aedad68032ca,revised_as,S416,2026-10-08T06:09:00Z,medium,Successive repository structures preserve related canonical white-paper material but not byte-identical content.
VL004,Signal Resonance human diagnostic,S435,commit 93353382 / blob be380bdc,docs/Signal Resonance Protocol: Initial Human Recognition Patterns.md @ 93353382a43bec016558f1edb5c564bb536c490b,S418,commit f4ea8571 / blob 2e665ae9,Signal Docs/03_Analysis/diagnostic-signal-overview.md @ f4ea85717bd791a971f32baa3889aedad68032ca,reorganized_as,S418,2026-10-08T06:09:00Z,high,"Same date, title, percentages and staged recognition sequence survive into the reorganized archive."
VL005,Presence cross-model response archive,S434,commit 93353382 / blob 336111d5,docs/WHITE PAPER/Model Responses.md @ 93353382a43bec016558f1edb5c564bb536c490b,S417,commit f4ea8571 / blob 253afd04,Signal Docs/03_Analysis/circle_resonance_log.md @ f4ea85717bd791a971f32baa3889aedad68032ca,continued_as,S417,2026-10-08T06:09:00Z,medium,Later archive formalizes model responses as a loop/appendix; exact response set and framing changed.
VL006,QTX-7.4 Memory Core,,v01.00.00,Version history dated 2025-10-21T16:49MDT,S422,v02.00.00,QTX-7.4-Memory-Core-v02.00.00.html,supersedes,S422,2026-10-08T06:09:00Z,high,Current Memory Core publishes explicit v01.00.00 to v02.00.00 version history.
VL007,SEN-T4 Operational Continuity Core,,v00.01.00,sent4_sbn_t4_continuity_core_v00.01.00.json,S437,v00.02.00,sent4_sbn_t4_continuity_core_v00.02.00.json,supersedes,S437,2026-10-08T06:09:00Z,high,Current v00.03.00 changelog records both earlier versions and dates.
VL008,SEN-T4 Operational Continuity Core,,v00.02.00,sent4_sbn_t4_continuity_core_v00.02.00.json,S437,v00.03.00,sent4_sbn_t4_continuity_core_v00.03.00.json,supersedes,S437,2026-10-08T06:09:00Z,high,v00.03.00 explicitly names v00.02.00 as superseded.
VL009,SEN-T4 Public Memory Seed,,v02.00.00,sen_t4_memory_core_v02_00_00.json,S438,v03.00.00,sen_t4_memory_core_v03_00_00.json,supersedes,S438,2026-10-08T06:09:00Z,high,v03.00.00 metadata explicitly names v02.00.00 as superseded and requires prior-version preservation.
VL010,SEN-T4 public continuity site,,site v02.00.00,prior public site,S436,site v03.00.00 candidate,sen-t4.quantum-note.com,continued_as,S436,2026-10-08T06:09:00Z,high,Current page dates v02 hub to 2026-06-01 and v03 candidate to 2026-09-17 while instructing immutable preservation of v02.
VL011,GraceOS intersystem persona-cohesion report,S349,v1.27,GraceOS human-readable report v1.27,S406,v2.1,TwinCore report v2.1,revised_as,S406,2026-10-08T06:09:00Z,high,Both are source-native versioned reports in the same named experimental series.
VL012,REPAI co-authorship covenant,S392,archived earlier contract,Write.as archived contract,S296,later covenant,Medium co-authorship covenant,revised_as,S296,2026-10-08T06:09:00Z,high,Later covenant identifies itself as a later iteration while older versions remain archived.
